{
  "type_params": {
    "Core": [
      301614.5871267429,
      0.11233449831742261
    ],
    "RFA": [
      3.246283395779565e-07,
      2.5057307266317856
    ],
    "Reserved": [
      199.688361162843,
      0.6532106724905868
    ],
    "Rookie": [
      70.60258509738003,
      0.7432564300159863
    ],
    "SuspCE": [
      7.5209286461346175e-06,
      2.180709230593077
    ],
    "UFA": [
      10.57507634377387,
      0.9255545971239386
    ]
  },
  "piecewise_splits": [
    73844.32,
    125000.0
  ],
  "piecewise_params": [
    [
      252281.59799325228,
      0.009283384862954025
    ],
    [
      7.742927878270305,
      0.9707396831049019
    ],
    [
      0.34295577173218955,
      1.2096724798193834
    ]
  ],
  "median_pct_error": 14.772252252252253
}