{
  "type_params": {
    "Core": [
      301615.10667881236,
      0.11233435721870418
    ],
    "RFA": [
      3.246272898820272e-07,
      2.505731016899145
    ],
    "Reserved": [
      199.6886506243206,
      0.6532105435471909
    ],
    "Rookie": [
      70.6025850973777,
      0.7432564300159892
    ],
    "SuspCE": [
      7.520925809306004e-06,
      2.180709263871581
    ],
    "UFA": [
      10.5750785571562,
      0.9255545797169321
    ]
  },
  "piecewise_splits": [
    73844.32,
    125000.0
  ],
  "piecewise_params": [
    [
      252281.99033617062,
      0.009283244551087666
    ],
    [
      7.742943091544948,
      0.9707395118599245
    ],
    [
      0.3429556841051061,
      1.2096725007527631
    ]
  ],
  "median_pct_error": 14.772252252252253
}