archetype_id,archetype_name,n,old_salary_avg,old_salary_median,proj_new_salary_avg,proj_new_salary_median,PTS,FG_PCT,FG3_PCT,FT_PCT,EFG_PCT,TS_PCT,OREB_PCT,DREB_PCT,REB_PCT,AST_PCT,AST_TO,STL,BLK,USG_PCT,FG3A
0,Elite Two-Way Big,15,178779.73333333334,200000.0,768406.0,852464.0,15.393333333333333,0.4839333333333334,0.32353333333333334,0.7833333333333332,0.5164666666666667,0.5572,0.06420000000000001,0.2059333333333333,0.13606666666666667,0.1546,1.3566528463758913,1.28,1.2733333333333332,0.2315333333333333,2.1266666666666665
1,Bench Guard/Wing,38,109126.21052631579,92500.0,486589.0,417560.0,4.7894736842105265,0.3676315789473684,0.3097631578947368,0.7475263157894738,0.43586842105263157,0.4700263157894737,0.02302631578947369,0.0901842105263158,0.056368421052631575,0.16823684210526316,1.646637831371822,0.5868421052631579,0.24736842105263154,0.1564473684210527,2.081578947368422
2,High-Volume Wing/Guard,30,185244.6,200000.0,794090.0,852464.0,14.659999999999998,0.4204,0.33843333333333336,0.8251333333333333,0.4909,0.5378666666666667,0.021133333333333337,0.10433333333333333,0.0629,0.22393333333333335,1.8441517795971063,1.2066666666666668,0.3533333333333334,0.2229333333333333,4.970000000000001
3,Interior Specialist,18,125658.38888888889,105490.5,554452.0,471565.0,7.994444444444444,0.5004444444444445,0.10566666666666666,0.7150555555555554,0.5043333333333334,0.5448888888888889,0.08377777777777777,0.18133333333333335,0.1318888888888889,0.11127777777777778,0.9725531186315499,0.8,0.711111111111111,0.1733888888888889,0.28888888888888886
4,Efficient Role Player,20,116981.8,94400.5,518924.0,425494.0,6.765000000000001,0.47024999999999995,0.38625000000000004,0.7232999999999999,0.5574,0.5799500000000001,0.044750000000000005,0.1238,0.08475000000000002,0.11279999999999998,1.4165044965354565,0.66,0.36500000000000005,0.14959999999999998,2.3150000000000004
